{"cameraMode":{"drawMode":0,"name":"Shaded","section":"Shading Mode"},"sceneLighting":true,"audioPlay":false,"sceneViewState":{"showFog":true,"showMaterialUpdate":false,"showSkybox":true,"showFlares":true,"showImageEffects":true,"showParticleSystems":true},"in2DMode":false,"pivot":{"x":-2.922572612762451,"y":1.4069247245788575,"z":3.3012402057647707},"rotation":{"x":0.09585219621658325,"y":-0.004174477886408567,"z":0.00040433494723401964,"w":0.9953867793083191},"size":8.262201309204102,"orthographic":true}